Rank,Term name,P-value,Z-score,Combined score,Overlapping genes,Adjusted p-value,Old p-value,Old adjusted p-value,gene count
1,mmu-miR-3080-5p,0.03141014415319859,inf,inf,['ARHGAP9'],0.13108549212574025,0,0,1
2,mmu-miR-5130,0.07433752621546735,inf,inf,['ARHGAP9'],0.13108549212574025,0,0,1
3,mmu-miR-875-5p,0.0772691543232228,inf,inf,['ARHGAP9'],0.13108549212574025,0,0,1
4,mmu-miR-3099,0.10689954624375324,inf,inf,['ARHGAP9'],0.13108549212574025,0,0,1
5,mmu-miR-1933-5p,0.11171579476914462,inf,inf,['ARHGAP9'],0.13108549212574025,0,0,1
6,hsa-miR-3147,0.11852136372596861,inf,inf,['ARHGAP9'],0.13108549212574025,0,0,1
7,mmu-miR-3094,0.11894016798218074,inf,inf,['ARHGAP9'],0.13108549212574025,0,0,1
8,hsa-miR-3680,0.13108549212574025,inf,inf,['ARHGAP9'],0.13108549212574025,0,0,1
