Rank,Term name,P-value,Z-score,Combined score,Overlapping genes,Adjusted p-value,Old p-value,Old adjusted p-value,gene count
1,Electron Transport Chain (OXPHOS system in mitochondria) WP111,0.0024118549460184413,32.76705882352941,197.49883150377013,"['UQCR11', 'COX7A1']",0.01929483956814753,0,0,2
2,Nonalcoholic fatty liver disease WP4396,0.005217544410172063,21.864566929133858,114.91422552225426,"['UQCR11', 'COX7A1']",0.020870177640688253,0,0,2
3,Mitochondrial complex III assembly WP4921,0.012765666449262152,90.8896103896104,396.369229217854,['UQCR11'],0.034041777198032405,0,0,1
4,Amyotrophic lateral sclerosis (ALS) WP2447,0.027887289100515324,39.71306818181818,142.15627464416377,['NEFH'],0.05577457820103065,0,0,1
5,Eukaryotic Transcription Initiation WP405,0.035368216068551374,30.975609756097562,103.51868233951924,['POLR2I'],0.05596478634130906,0,0,1
6,Association Between Physico-Chemical Features and Toxicity Associated Pathways WP3680,0.0419735897559818,25.90352504638219,82.13268696822314,['NEFH'],0.05596478634130906,0,0,1
7,Pyrimidine metabolism WP4022,0.06396184202761422,16.66866028708134,45.82995792587757,['POLR2I'],0.07198754136100231,0,0,1
8,Cytoplasmic Ribosomal Proteins WP477,0.07198754136100231,14.719873150105709,38.73184597929196,['RPL29'],0.07198754136100231,0,0,1
