Rank,Term name,P-value,Z-score,Combined score,Overlapping genes,Adjusted p-value,Old p-value,Old adjusted p-value,gene count
1,Spermatogenesis,0.079075189137453,13.298872180451127,33.743974688491484,['NEFH'],0.224517074154614,0,0,1
2,KRAS Signaling Dn,0.1229323495545627,8.257611241217798,17.30895298109421,['NRIP2'],0.224517074154614,0,0,1
3,Apoptosis,0.1229323495545627,8.257611241217798,17.30895298109421,['NEFH'],0.224517074154614,0,0,1
4,Myogenesis,0.13035773200656203,7.745054945054945,15.7803389638776,['COX7A1'],0.224517074154614,0,0,1
5,DNA Repair,0.15047612439021502,6.613721804511278,12.5260640287122,['POLR2I'],0.224517074154614,0,0,1
6,Adipogenesis,0.1683878056159605,5.836378737541528,10.397424636237863,['UQCR11'],0.224517074154614,0,0,1
7,Oxidative Phosphorylation,0.22834117945622448,4.127508854781582,6.095977129182765,['UQCR11'],0.22999331564563147,0,0,1
8,Myc Targets V1,0.22999331564563147,4.093091334894614,6.0156369349794465,['MRPS18B'],0.22999331564563147,0,0,1
