Rank,Term name,P-value,Z-score,Combined score,Overlapping genes,Adjusted p-value,Old p-value,Old adjusted p-value,gene count
1,RFX1 human,0.008392643406575946,169.28571428571428,809.2533848598229,['MAP1A'],0.02517793021972784,0,0,1
2,RUNX3 human,0.02498118001208295,46.116883116883116,170.15435245890987,['ING1'],0.03747177001812443,0,0,1
3,TP53 human,0.1229323495545627,8.257611241217798,17.30895298109421,['ING1'],0.1229323495545627,0,0,1
