Rank,Term name,P-value,Z-score,Combined score,Overlapping genes,Adjusted p-value,Old p-value,Old adjusted p-value,gene count
1,HDAC7 human,0.006922485976885302,237.2,1179.5909339560246,['MEF2D'],0.013844971953770603,0,0,1
2,JUN human,0.09726480234488212,10.93720930232558,25.487176788276876,['MEF2D'],0.09726480234488212,0,0,1
