Rank,Term name,P-value,Z-score,Combined score,Overlapping genes,Adjusted p-value,Old p-value,Old adjusted p-value,gene count
1,hsa-miR-4746-5p,0.030523078610119145,inf,inf,['SLC4A2'],0.09402225288792526,0,0,1
2,hsa-miR-4655-3p,0.0348835336189293,inf,inf,['SLC4A2'],0.09402225288792526,0,0,1
3,hsa-miR-4638-5p,0.04796490528904389,inf,inf,['SLC4A2'],0.09402225288792526,0,0,1
4,mmu-miR-3970,0.06468000129787799,inf,inf,['SLC4A2'],0.09402225288792526,0,0,1
5,mmu-miR-3072,0.07194743679666778,inf,inf,['SLC4A2'],0.09402225288792526,0,0,1
6,mmu-miR-3104-5p,0.0741276676691751,inf,inf,['SLC4A2'],0.09402225288792526,0,0,1
7,mmu-miR-296-5p,0.07921487342858867,inf,inf,['SLC4A2'],0.09402225288792526,0,0,1
8,mmu-miR-3094,0.08357533590037801,inf,inf,['SLC4A2'],0.09402225288792526,0,0,1
9,mmu-miR-1982.1,0.096656725108883,inf,inf,['SLC4A2'],0.096656725108883,0,0,1
