Rank,Term name,P-value,Z-score,Combined score,Overlapping genes,Adjusted p-value,Old p-value,Old adjusted p-value,gene count
1,SRF human,0.04794499451833866,inf,inf,['UBE2S'],0.10540781285234507,0,0,1
2,ESR2 human,0.04794499451833866,inf,inf,['CRH'],0.10540781285234507,0,0,1
3,NR3C1 mouse,0.04794499451833866,inf,inf,['CRH'],0.10540781285234507,0,0,1
4,AR human,0.04794499451833866,inf,inf,['CRH'],0.10540781285234507,0,0,1
5,ESR1 human,0.09369583364652895,20.8,49.24819235532791,['CRH'],0.10540781285234507,0,0,1
6,FOS mouse,0.09369583364652895,20.8,49.24819235532791,['CRH'],0.10540781285234507,0,0,1
7,RARA human,0.09369583364652895,20.8,49.24819235532791,['CRH'],0.10540781285234507,0,0,1
8,EGR1 human,0.09369583364652895,20.8,49.24819235532791,['UBE2S'],0.10540781285234507,0,0,1
9,JUN mouse,0.17899324576674097,6.9,11.870809728299957,['CRH'],0.17899324576674097,0,0,1
