first,second
o,5
S_OH,Float32[0.17983337; 0.29313266; 0.07486366; -0.29537457; 0.20534857]
L1_W,Float32[0.14749321 0.8695066 0.39375713 0.19287366 0.026559195; -0.48931253 -0.31507933 0.6993121 0.31450698 -0.29392126]
B_OH,Float32[-0.37443724; -0.23476592; -0.5824744; 0.093646035; -0.6892843]
L1_b,"Float32[1.0411195, -0.04843782]"
B,"Float32[0.065828964, -0.62444615, -0.16732875, -0.008490478, 0.13154621]"
L2_W,Float32[0.122145824 -0.4555994; 0.8399626 -0.27526805; 0.39340225 0.66651845; 0.17751096 0.28071538; 0.013906725 -0.2902048]
L2_b,"Float32[-0.03374644, -1.0073447, -0.38094473, -0.050551295, 0.02817224]"
