Rank,Term name,P-value,Z-score,Combined score,Overlapping genes,Adjusted p-value,Old p-value,Old adjusted p-value,gene count
1,Electron Transport Chain (OXPHOS system in mitochondria) WP111,0.008498170624470095,16.62721893491124,79.27698964279433,"['UQCR11', 'COX7A1']",0.05509326596357984,0,0,2
2,Nonalcoholic fatty liver disease WP4396,0.012242947991906632,13.653359298928919,60.11308107146806,"['UQCR11', 'COX7A1']",0.05509326596357984,0,0,2
3,Mitochondrial complex III assembly WP4921,0.020925423560181212,56.198412698412696,217.30748389688466,['UQCR11'],0.06277627068054364,0,0,1
4,Amyotrophic lateral sclerosis (ALS) WP2447,0.03123423706816484,36.10204081632653,125.13835398408166,['NEFH'],0.06726745393262507,0,0,1
5,Eukaryotic Transcription Initiation WP405,0.037370807740347255,29.718487394957982,97.68066858424544,['POLR2I'],0.06726745393262507,0,0,1
6,Association Between Physico-Chemical Features and Toxicity Associated Pathways WP3680,0.0555635523843008,19.406593406593405,56.089476258748256,['NEFH'],0.0833453285764512,0,0,1
7,Pyrimidine metabolism WP4022,0.08711625222047528,11.986394557823129,29.252937596020885,['POLR2I'],0.09800578374803469,0,0,1
8,Senescence and Autophagy in Cancer WP615,0.08711625222047528,11.986394557823129,29.252937596020885,['ING1'],0.09800578374803469,0,0,1
9,Cytoplasmic Ribosomal Proteins WP477,0.15995229180513626,6.180776014109347,11.328618790270632,['RPL29'],0.15995229180513626,0,0,1
