Rank,Term name,P-value,Z-score,Combined score,Overlapping genes,Adjusted p-value,Old p-value,Old adjusted p-value,gene count
1,RFX1 human,0.008419731467168508,168.73809523809524,806.0918055562242,['MAP1A'],0.025259194401505525,0,0,1
2,RUNX3 human,0.025061172851033542,45.967532467532465,169.45634486381562,['ING1'],0.03759175927655031,0,0,1
3,TP53 human,0.12703729965107974,7.967120181405896,16.438356208328727,['ING1'],0.12703729965107974,0,0,1
