Rank,Term name,P-value,Z-score,Combined score,Overlapping genes,Adjusted p-value,Old p-value,Old adjusted p-value,gene count
1,Spermatogenesis,0.0754011086957815,13.996031746031745,36.17880852661053,['NEFH'],0.22518347816867246,0,0,1
2,KRAS Signaling Dn,0.12517385568323736,8.096774193548388,16.825515074143226,['NRIP2'],0.22518347816867246,0,0,1
3,Apoptosis,0.12517385568323736,8.096774193548388,16.825515074143226,['NEFH'],0.22518347816867246,0,0,1
4,Myogenesis,0.13075307892332358,7.71978021978022,15.705465398581273,['COX7A1'],0.22518347816867246,0,0,1
5,DNA Repair,0.1491115725330201,6.680952380952381,12.714256206494332,['POLR2I'],0.22518347816867246,0,0,1
6,Adipogenesis,0.16888760862650434,5.8172757475083055,10.346151867397113,['UQCR11'],0.22518347816867246,0,0,1
7,Oxidative Phosphorylation,0.22733520067496674,4.148809523809524,6.1457547495372085,['UQCR11'],0.22899470180369424,0,0,1
8,Myc Targets V1,0.22899470180369424,4.1139315230224325,6.064167139727291,['MRPS18B'],0.22899470180369424,0,0,1
