Rank,Term name,P-value,Z-score,Combined score,Overlapping genes,Adjusted p-value,Old p-value,Old adjusted p-value,gene count
1,REST mouse,0.06178925033058051,32.125,89.43683115467843,['SRRM4'],0.17985648907722562,0,0,1
2,KLF4 human,0.11990432605148374,10.680555555555555,22.654111311563156,['IFITM3'],0.17985648907722562,0,0,1
3,YY1 human,0.2973002742568498,3.175,3.851315089094904,['PDIA6'],0.2973002742568498,0,0,1
