first,second
o,5
L1_W,Float32[0.041602228 1.4158617 0.93674564 -0.09739586 -0.90536696; 1.5550926 -0.940456 0.83716 0.2482776 -0.8265773]
L1_b,"Float32[-0.43893597, 0.27924433]"
L2_W,Float32[-0.027635397 0.7569343; 0.9142849 -0.51111186; 0.5668522 0.38489965; -0.086529694 0.11203161; -0.5483412 -0.37750897]
c,CircularNode
L2_b,"Float32[-0.10480647, 0.24092068, 0.07360738, -0.01755762, -0.06339173]"
