Rank,Term name,P-value,Z-score,Combined score,Overlapping genes,Adjusted p-value,Old p-value,Old adjusted p-value,gene count
1,Axon (GO:0030424),0.0017233155985142082,50.229390681003586,319.63498729357855,"['MAP1A', 'NEFH']",0.013786524788113666,0,0,2
2,Neuron Projection (GO:0043005),0.009616760664166099,20.277286135693217,94.17274153189341,"['MAP1A', 'NEFH']",0.038467042656664396,0,0,2
3,Microtubule (GO:0005874),0.048989432400655175,25.107142857142858,75.72692573587949,['MAP1A'],0.1158752528803019,0,0,1
4,Polymeric Cytoskeletal Fiber (GO:0099513),0.0671071852586305,18.048969072164947,48.758643035435476,['MAP1A'],0.1158752528803019,0,0,1
5,Dendrite (GO:0030425),0.07242203305018868,16.654761904761905,43.72282545338036,['MAP1A'],0.1158752528803019,0,0,1
6,Microtubule Cytoskeleton (GO:0015630),0.09668905634272794,12.25,28.61912441334138,['MAP1A'],0.1289187417903039,0,0,1
7,Cytoskeleton (GO:0005856),0.1511347607103234,7.535087719298246,14.238176559906973,['NEFH'],0.17272544081179816,0,0,1
8,Intracellular Non-Membrane-Bounded Organelle (GO:0043232),0.2752931953321965,3.765837104072398,4.857623266446287,['NEFH'],0.2752931953321965,0,0,1
