Rank,Term name,P-value,Z-score,Combined score,Overlapping genes,Adjusted p-value,Old p-value,Old adjusted p-value,gene count
1,Spermatogenesis,0.025775227702440562,49.05555555555556,179.4619705189257,['NEFH'],0.043567506523755836,0,0,1
2,KRAS Signaling Dn,0.043567506523755836,28.379032258064516,88.92409898097314,['NRIP2'],0.043567506523755836,0,0,1
3,Apoptosis,0.043567506523755836,28.379032258064516,88.92409898097314,['NEFH'],0.043567506523755836,0,0,1
