Rank,Term name,P-value,Z-score,Combined score,Overlapping genes,Adjusted p-value,Old p-value,Old adjusted p-value,gene count
1,REST mouse,0.08889754356623251,21.571428571428573,52.20869800125262,['SRRM4'],0.34018570390325736,0,0,1
2,KLF4 human,0.17009285195162868,7.171428571428572,12.703546044998687,['IFITM3'],0.34018570390325736,0,0,1
3,YY1 human,0.34351789430719404,2.6714285714285713,2.854464370780227,['PDIA6'],0.4580238590762587,0,0,1
4,SP1 human,0.7469337840495432,0.7428571428571429,0.21674992135253368,['RPS3A'],0.7469337840495432,0,0,1
