Rank,Term name,P-value,Z-score,Combined score,Overlapping genes,Adjusted p-value,Old p-value,Old adjusted p-value,gene count
1,Interferon Gamma Response,0.0026606968058950787,36.78515625,218.10534311262722,"['TNFSF10', 'NOD1']",0.013303484029475393,0,0,2
2,PI3K/AKT/mTOR  Signaling,0.04741931425155907,24.91842105263158,75.96942966023282,['NOD1'],0.06716014995216689,0,0,1
3,Apoptosis,0.05703365282313088,20.55,58.8575382809184,['TNFSF10'],0.06716014995216689,0,0,1
4,Inflammatory Response,0.06061811802184613,19.279591836734692,54.04380867273743,['TNFSF10'],0.06716014995216689,0,0,1
5,IL-2/STAT5 Signaling,0.06716014995216689,17.313761467889908,46.758846457701885,['TNFSF10'],0.06716014995216689,0,0,1
