Rank,Term name,P-value,Z-score,Combined score,Overlapping genes,Adjusted p-value,Old p-value,Old adjusted p-value,gene count
1,SMAD1,0.08071632594383958,14.262121212121212,35.89511232688467,['PARD3B'],0.20847758485271176,0,0,1
2,SMAD4,0.09410793800392012,12.116129032258064,28.63420378362337,['PARD3B'],0.20847758485271176,0,0,1
3,SMAD3,0.14826182738427357,7.405577689243028,14.135584992131314,['PARD3B'],0.20847758485271176,0,0,1
4,SMAD2,0.1667820678821694,6.4982456140350875,11.63879523666339,['PARD3B'],0.20847758485271176,0,0,1
5,MYC,0.3645529268553669,2.550720461095101,2.5738900173364176,['CECR2'],0.3645529268553669,0,0,1
