Rank,Term name,P-value,Z-score,Combined score,Overlapping genes,Adjusted p-value,Old p-value,Old adjusted p-value,gene count
1,TP53 network WP1742,0.006892121859457283,190.7,949.1856564399707,['TNFSF10'],0.045891514493476324,0,0,1
2,Nucleotide-binding Oligomerization Domain (NOD) pathway WP1433,0.016226696799067762,76.16,313.8627812257217,['NOD1'],0.045891514493476324,0,0,1
3,Photodynamic therapy-induced AP-1 survival signaling. WP3611,0.019321929629201047,63.43333333333333,250.34057472462067,['TNFSF10'],0.045891514493476324,0,0,1
4,Rett syndrome causing genes WP4312,0.02425742282072808,50.036842105263155,186.088647627808,['CECR2'],0.045891514493476324,0,0,1
5,Apoptosis WP254,0.03223345021502368,37.23137254901961,127.88047693362525,['TNFSF10'],0.045891514493476324,0,0,1
6,Apoptosis Modulation and Signaling WP1772,0.03467665386754244,34.50909090909091,116.00881811511101,['TNFSF10'],0.045891514493476324,0,0,1
7,Genes related to primary cilium development (based on CRISPR) WP4536,0.04015507518179179,29.628125,95.25461271134688,['SCLT1'],0.045891514493476324,0,0,1
8,Ciliopathies WP4803,0.05822973872898657,20.108510638297872,57.17571630914376,['SCLT1'],0.05822973872898657,0,0,1
