Rank,Term name,P-value,Z-score,Combined score,Overlapping genes,Adjusted p-value,Old p-value,Old adjusted p-value,gene count
1,ISWI-type Complex (GO:0031010),0.0062672028984284605,211.9111111111111,1074.9032458723157,['CECR2'],0.04387042028899922,0,0,1
2,Apical Junction Complex (GO:0043296),0.02671739723800327,45.25238095238095,163.92405041561716,['PARD3B'],0.08825692601770481,0,0,1
3,Basolateral Plasma Membrane (GO:0016323),0.048625554897625135,24.274358974358975,73.39609902692506,['NOD1'],0.08825692601770481,0,0,1
4,Adherens Junction (GO:0005912),0.05043252915297418,23.367901234567903,69.80269925343713,['PARD3B'],0.08825692601770481,0,0,1
5,Cell-Cell Junction (GO:0005911),0.09063024961477119,12.612080536912751,30.281192206214072,['PARD3B'],0.12688234946067967,0,0,1
6,Nucleus (GO:0005634),0.8648178850145745,0.5052087181381604,0.07337466100152236,['CECR2'],0.9072252146136468,0,0,1
7,Intracellular Membrane-Bounded Organelle (GO:0043231),0.9072252146136468,0.41127121357668905,0.040043237669562096,['CECR2'],0.9072252146136468,0,0,1
