first,second
o,5
S_OH,Float32[-0.005165359 -0.1539118; -0.064733334 -0.05208695; 0.6391448 1.7593663; 0.026270254 0.063092; -0.04716571 0.14020467]
L1_W,Float32[-1.0822908 0.34019795 0.055964634 0.13154136 -0.0043485034; 0.4555318 0.9808861 -0.056363568 0.23887871 0.42698795]
B_OH,Float32[-0.17756939 0.004501363; 0.010384385 0.027301904; 0.060835853 -1.1446134; 0.052114505 -0.022212459; -0.026451971 -0.6034367]
L1_b,"Float32[-0.018741086, 0.26383546]"
B,"Float32[0.061735183, 0.013952866, -0.0023432863, 0.011425799, 0.052792]"
L2_W,Float32[-0.79244983 0.24912775; 0.32355523 0.7276105; 0.07284692 -0.09968513; 0.12488916 0.20252898; 0.021295602 0.3180369]
L2_b,"Float32[-0.07067159, -0.196194, -0.009695864, -0.03231681, -0.11175808]"
