Rank,Term name,P-value,Z-score,Combined score,Overlapping genes,Adjusted p-value,Old p-value,Old adjusted p-value,gene count
1,Myogenesis,0.08915776458426716,12.017094017094017,29.049496298181516,['COX7A1'],0.15912450647380189,0,0,1
2,DNA Repair,0.10202344411150259,10.4,23.7385475379269,['POLR2I'],0.15912450647380189,0,0,1
3,Adipogenesis,0.1159865905578402,9.055555555555555,19.50820849950724,['UQCR11'],0.15912450647380189,0,0,1
4,Oxidative Phosphorylation,0.15791877900242077,6.458333333333333,11.919980726522454,['UQCR11'],0.15912450647380189,0,0,1
5,Myc Targets V1,0.15912450647380189,6.404040404040404,11.771063809781685,['MRPS18B'],0.15912450647380189,0,0,1
