Rank,Term name,P-value,Z-score,Combined score,Overlapping genes,Adjusted p-value,Old p-value,Old adjusted p-value,gene count
1,Electron Transport Chain (OXPHOS system in mitochondria) WP111,0.0037544477631562697,27.03846153846154,151.00478047577715,"['UQCR11', 'COX7A1']",0.01905464253154538,0,0,2
2,Nonalcoholic fatty liver disease WP4396,0.005444183580441537,22.20253164556962,115.74640389757921,"['UQCR11', 'COX7A1']",0.01905464253154538,0,0,2
3,Mitochondrial complex III assembly WP4921,0.01399447182121996,87.48148148148148,373.4665712344966,['UQCR11'],0.03265376758284658,0,0,1
4,Eukaryotic Transcription Initiation WP405,0.025062919808923636,46.26143790849673,170.53658365531433,['POLR2I'],0.04386010966561636,0,0,1
5,Pyrimidine metabolism WP4022,0.05893490746980327,18.658730158730158,52.828867729867426,['POLR2I'],0.06875739204810381,0,0,1
6,Senescence and Autophagy in Cancer WP615,0.05893490746980327,18.658730158730158,52.828867729867426,['ING1'],0.06875739204810381,0,0,1
7,Cytoplasmic Ribosomal Proteins WP477,0.10966411545429988,9.621399176954732,21.26649688142348,['RPL29'],0.10966411545429988,0,0,1
