Rank,Term name,P-value,Z-score,Combined score,Overlapping genes,Adjusted p-value,Old p-value,Old adjusted p-value,gene count
1,mTORC1 Signaling,0.013698509895775864,inf,inf,['IGFBP5'],0.07986908424810296,0,0,1
2,UV Response Dn,0.04062691252944457,43.0,137.74295615707692,['IGFBP5'],0.07986908424810296,0,0,1
3,Allograft Rejection,0.05385961311007478,28.6,83.55130712145284,['ETS1'],0.07986908424810296,0,0,1
4,Hypoxia,0.06693986812978307,21.4,57.8647558379931,['ETS1'],0.07986908424810296,0,0,1
5,KRAS Signaling Up,0.07986908424810296,17.08,43.16741865256096,['ETS1'],0.07986908424810296,0,0,1
6,IL-2/STAT5 Signaling,0.07986908424810296,17.08,43.16741865256096,['SPRED2'],0.07986908424810296,0,0,1
