Rank,Term name,P-value,Z-score,Combined score,Overlapping genes,Adjusted p-value,Old p-value,Old adjusted p-value,gene count
1,Electron Transport Chain (OXPHOS system in mitochondria) WP111,0.003730844488062104,27.126923076923077,151.66990023789566,"['UQCR11', 'COX7A1']",0.018935494603099245,0,0,2
2,Nonalcoholic fatty liver disease WP4396,0.005410141315171213,22.275316455696203,116.26557019011776,"['UQCR11', 'COX7A1']",0.018935494603099245,0,0,2
3,Mitochondrial complex III assembly WP4921,0.013949572084240688,87.76543209876543,374.96082130470216,['UQCR11'],0.03254900152989494,0,0,1
4,Eukaryotic Transcription Initiation WP405,0.026354242939144158,43.82716049382716,159.36107754107,['POLR2I'],0.04611992514350228,0,0,1
5,Senescence and Autophagy in Cancer WP615,0.05874976358981947,18.719576719576718,53.06004399254209,['ING1'],0.07009131732819252,0,0,1
6,Pyrimidine metabolism WP4022,0.06007827199559358,18.281653746770026,51.40996708830836,['POLR2I'],0.07009131732819252,0,0,1
7,Cytoplasmic Ribosomal Proteins WP477,0.10932819913062665,9.652949245541839,21.36584673635349,['RPL29'],0.10932819913062665,0,0,1
