Rank,Term name,P-value,Z-score,Combined score,Overlapping genes,Adjusted p-value,Old p-value,Old adjusted p-value,gene count
1,Myogenesis,0.08888180406798366,12.056410256410256,29.181912115805886,['COX7A1'],0.15985064476596747,0,0,1
2,DNA Repair,0.10298351457817889,10.2953216374269,23.40318467890318,['POLR2I'],0.15985064476596747,0,0,1
3,Adipogenesis,0.11563246641321767,9.085271317829458,19.600005695472586,['UQCR11'],0.15985064476596747,0,0,1
4,Oxidative Phosphorylation,0.15864974683741803,6.4251606978879705,11.829082945564881,['UQCR11'],0.15985064476596747,0,0,1
5,Myc Targets V1,0.15985064476596747,6.371584699453552,11.682398477167501,['MRPS18B'],0.15985064476596747,0,0,1
