Rank,Term name,P-value,Z-score,Combined score,Overlapping genes,Adjusted p-value,Old p-value,Old adjusted p-value,gene count
1,SIRT3,0.06368331438034706,30.78787878787879,84.78466710400856,['FAP'],0.1449941303439255,0,0,1
2,TCF3,0.07249706517196275,5.234375,13.736095022495935,"['FLG2', 'SERPINA1']",0.1449941303439255,0,0,2
3,SMAD4,0.30475812036546807,3.0515151515151517,3.625922797092737,['SERPINA1'],0.4063441604872907,0,0,1
4,MYC,0.7101634939810479,0.8257575757575758,0.2826238392762839,['TRPM1'],0.7101634939810479,0,0,1
