"Term.name","P.value","Z.score","Combined.score","Overlapping.genes","Adjusted.p.value","Old.p.value","Old.adjusted.p.value","gene.count","TF_NAME","FDR","cycling_in_CTL_BHQ","cycling_in_AD_BHQ","DR_AR1_BHQ","DR_AR1_mthd2_BHQ","DR_logAmpRatio","diff_mesor_BHQ","edgeR_DE_BHQ"
"TP63",0.033228612498369,37.6382978723404,128.133711724344,"['MAP1A']",0.0882127000961986,0,0,1,"TP63",0.0882127000961986,NA,NA,NA,NA,NA,NA,NA
"RARA",0.0441063500480993,28.015873015873,87.4417845040321,"['NRIP2']",0.0882127000961986,0,0,1,"RARA",0.0882127000961986,0.000770852819286162,2.31178511989004e-07,0.927608467234748,0.926089501374413,0.426101466146975,0.0298732416861166,0.0697250039610694
"ESR2",0.0976827755019053,12.1163194444444,28.1829229457238,"['NEFH']",0.130243700669207,0,0,1,"ESR2",0.130243700669207,1.27664229496141e-10,3.58929739622857e-08,0.976580030797734,0.975992847783691,0.115937438860283,0.726130139591962,0.434465255643118
"MYC",0.240795173243547,4.4238845144357,6.2987648631485,"['MAP1A']",0.240795173243547,0,0,1,"MYC",0.240795173243547,NA,NA,NA,NA,NA,NA,NA
