Rank,Term name,P-value,Z-score,Combined score,Overlapping genes,Adjusted p-value,Old p-value,Old adjusted p-value,gene count
1,Axon (GO:0030424),0.0017845985612298279,49.319298245614036,312.12022612605205,"['MAP1A', 'NEFH']",0.014276788489838623,0,0,2
2,Neuron Projection (GO:0043005),0.00972001551549416,20.160818713450293,93.41652574011592,"['MAP1A', 'NEFH']",0.03888006206197664,0,0,2
3,Microtubule (GO:0005874),0.04950837839254431,24.830985915492956,74.6323430908986,['MAP1A'],0.1155123769732034,0,0,1
4,Polymeric Cytoskeletal Fiber (GO:0099513),0.06689654560502965,18.108247422680414,48.975709910657415,['MAP1A'],0.1155123769732034,0,0,1
5,Dendrite (GO:0030425),0.07219523560825213,16.70952380952381,43.91899864403759,['MAP1A'],0.1155123769732034,0,0,1
6,Microtubule Cytoskeleton (GO:0015630),0.09768277550190527,12.116319444444445,28.18292294572383,['MAP1A'],0.130243700669207,0,0,1
7,Cytoskeleton (GO:0005856),0.15006239746556702,7.594713656387666,14.404924441379489,['NEFH'],0.17149988281779086,0,0,1
8,Intracellular Non-Membrane-Bounded Organelle (GO:0043232),0.2755998432118708,3.7606981981981984,4.8468078024076044,['NEFH'],0.2755998432118708,0,0,1
