Rank,Term name,P-value,Z-score,Combined score,Overlapping genes,Adjusted p-value,Old p-value,Old adjusted p-value,gene count
1,Spermatogenesis,0.02706651159588799,46.61184210526316,168.2434886988861,['NEFH'],0.0427520129957832,0,0,1
2,KRAS Signaling Dn,0.0427520129957832,28.942622950819672,91.23695900586262,['NRIP2'],0.0427520129957832,0,0,1
3,Apoptosis,0.0427520129957832,28.942622950819672,91.23695900586262,['NEFH'],0.0427520129957832,0,0,1
