Rank,Term name,P-value,Z-score,Combined score,Overlapping genes,Adjusted p-value,Old p-value,Old adjusted p-value,gene count
1,Spermatogenesis,0.06878486176433388,15.442350332594234,41.33564466467679,['NEFH'],0.1576661569866242,0,0,1
2,KRAS Signaling Dn,0.08548660481023954,12.275375110326566,30.190003340727905,['NRIP2'],0.1576661569866242,0,0,1
3,Apoptosis,0.09099253694988478,11.488429752066116,27.537510927441804,['NEFH'],0.1576661569866242,0,0,1
4,Myogenesis,0.10964015085444907,9.414518317503392,20.81127882787542,['COX7A1'],0.1576661569866242,0,0,1
5,DNA Repair,0.11424693254965138,9.007142857142858,19.54003354832764,['POLR2I'],0.1576661569866242,0,0,1
6,Adipogenesis,0.1391960262507527,7.271676300578035,14.338815461279836,['UQCR11'],0.1576661569866242,0,0,1
7,Myc Targets V1,0.15032214630242705,6.684235976789168,12.666457702267044,['MRPS18B'],0.1576661569866242,0,0,1
8,Oxidative Phosphorylation,0.1576661569866242,6.342056932966024,11.71552583254517,['UQCR11'],0.1576661569866242,0,0,1
